"state_id","state_name","country_id","country_name","id","district_name"
"2","Andhra Pradesh","1","India","1","Alluri Sitharama Raju"
"2","Andhra Pradesh","1","India","2","Anakapalli"
"2","Andhra Pradesh","1","India","3","Ananthapuramu"
"2","Andhra Pradesh","1","India","4","Annamayya"
"2","Andhra Pradesh","1","India","5","Bapatla"
"2","Andhra Pradesh","1","India","6","Chittoor"
"2","Andhra Pradesh","1","India","7","Dr. B.R. Ambedkar Konaseema"
"2","Andhra Pradesh","1","India","8","East Godavari"
"2","Andhra Pradesh","1","India","9","Eluru"
"2","Andhra Pradesh","1","India","10","Guntur"
"2","Andhra Pradesh","1","India","11","Kakinada"
"2","Andhra Pradesh","1","India","12","Krishna"
"2","Andhra Pradesh","1","India","13","Kurnool"
"2","Andhra Pradesh","1","India","14","Markapuram"
"2","Andhra Pradesh","1","India","15","Nandyal"
"2","Andhra Pradesh","1","India","16","Ntr"
"2","Andhra Pradesh","1","India","17","Palnadu"
"2","Andhra Pradesh","1","India","18","Parvathipuram Manyam"
"2","Andhra Pradesh","1","India","19","Polavaram"
"2","Andhra Pradesh","1","India","20","Prakasam"
"2","Andhra Pradesh","1","India","21","Sri Potti Sriramulu Nellore"
"2","Andhra Pradesh","1","India","22","Sri Sathya Sai"
"2","Andhra Pradesh","1","India","23","Srikakulam"
"2","Andhra Pradesh","1","India","24","Tirupati"
"2","Andhra Pradesh","1","India","25","Visakhapatnam"
"2","Andhra Pradesh","1","India","26","Vizianagaram"
"2","Andhra Pradesh","1","India","27","West Godavari"
"2","Andhra Pradesh","1","India","28","Y.S.R. Kadapa"
