"mandal_id","mandal_name","district_id"
"1","Ananthagiri","1"
"2","Araku Valley","1"
"3","Chinthapalli","1"
"4","Dumbriguda","1"
"5","G.Madugula","1"
"6","Gudem Kotha Veedhi","1"
"7","Hukumpeta","1"
"8","Koyyuru","1"
"9","Munchingi Puttu","1"
"10","Paderu","1"
"11","Peda Bayalu","1"
"12","Anakapalli","2"
"13","Atchuthapuram","2"
"14","Butchayyapeta","2"
"15","Cheedikada","2"
"16","Chodavaram","2"
"17","Devarapalli","2"
"18","Golugonda","2"
"19","K.Kotapadu","2"
"20","Kasimkota","2"
"21","Kotauratla","2"
"22","Madugula","2"
"23","Makavarapalem","2"
"24","Munagapaka","2"
"25","Nakkapalli","2"
"26","Narsipatnam","2"
"27","Nathavaram","2"
"28","Paravada","2"
"29","Payakaraopeta","2"
"30","Rambilli","2"
"31","Ravikamatham","2"
"32","Rolugunta","2"
"33","S.Rayavaram","2"
"34","Sabbavaram","2"
"35","Yelamanchili","2"
"36","Anantapur Rural","3"
"37","Anantapur Urban","3"
"38","Atmakur","3"
"39","Beluguppa","3"
"40","Bommanahal","3"
"41","Brahmasamudram","3"
"42","Bukkaraya Samudram","3"
"43","D.Hirehal","3"
"44","Garladinne","3"
"45","Gooty","3"
"46","Gummagatta","3"
"47","Guntakal","3"
"48","Kalyanadurg","3"
"49","Kambadur","3"
"50","Kanekal","3"
"51","Kudair","3"
"52","Kundurpi","3"
"53","Narpala","3"
"54","Pamidi","3"
"55","Peddapappur","3"
"56","Peddavaduguru","3"
"57","Putlur","3"
"58","Rapthadu","3"
"59","Rayadurg","3"
"60","Settur","3"
"61","Singanamala","3"
"62","Tadipatri","3"
"63","Uravakonda","3"
"64","Vajrakarur","3"
"65","Vidapanakal","3"
"66","Yadiki","3"
"67","Yellanur","3"
"68","Beerongi Kothakota","4"
"69","Chinnamandem","4"
"70","Chowdepalle","4"
"71","Galiveedu","4"
"72","Gurramkonda","4"
"73","Kalakada","4"
"74","Kalikiri","4"
"75","Kambhamvaripalle","4"
"76","Kurabalakota","4"
"77","Lakkireddipalli","4"
"78","Madanapalle","4"
"79","Mulakalacheruvu","4"
"80","Nimmanapalle","4"
"81","Pedda Thippasamudram","4"
"82","Peddamandyam","4"
"83","Pileru","4"
"84","Punganuru","4"
"85","Ramapuram","4"
"86","Ramasamudram","4"
"87","Rayachoti","4"
"88","Sambepalle","4"
"89","Sodam","4"
"90","Somala","4"
"91","Thamballapalle","4"
"92","Valmikipuram","4"
"93","Amarthalur","5"
"94","Bapatla","5"
"95","Bhattiprolu","5"
"96","Cherukupalli","5"
"97","Chinaganjam","5"
"98","Chirala","5"
"99","Inkollu","5"
"100","Karamchedu","5"
"101","Karlapalem","5"
"102","Kolluru","5"
"103","Martur","5"
"104","Nagaram","5"
"105","Nizampatnam","5"
"106","Parchur","5"
"107","Pittalavanipalem","5"
"108","Repalle","5"
"109","Tsunduru","5"
"110","Vemuru","5"
"111","Vetapalem","5"
"112","Yeddana Pudi","5"
"113","Baireddipalle","6"
"114","Bangarupalem","6"
"115","Chittoor Rural","6"
"116","Chittoor Urban","6"
"117","Gangadhara Nellore","6"
"118","Gangavaram","6"
"119","Gudipala","6"
"120","Gudupalle","6"
"121","Irala","6"
"122","Karvetinagar","6"
"123","Kuppam","6"
"124","Nagari","6"
"125","Nindra","6"
"126","Palamaner","6"
"127","Palasamudram","6"
"128","Peddapanjani","6"
"129","Penumur","6"
"130","Pulicherla","6"
"131","Puthalapattu","6"
"132","Ramakuppam","6"
"133","Rompicherla","6"
"134","Santhipuram","6"
"135","Srirangarajapuram","6"
"136","Thavanampalle","6"
"137","Vedurukuppam","6"
"138","Venkatagirikota","6"
"139","Vijayapuram","6"
"140","Yadamarri","6"
"141","Ainavilli","7"
"142","Alamuru","7"
"143","Allavaram","7"
"144","Amalapuram","7"
"145","Ambajipeta","7"
"146","Atreyapuram","7"
"147","I. Polavaram","7"
"148","K Gangavaram","7"
"149","Katrenikona","7"
"150","Kothapeta","7"
"151","Malikipuram","7"
"152","Mamidikuduru","7"
"153","Mummidivaram","7"
"154","P.Gannavaram","7"
"155","Ramachandrapuram","7"
"156","Ravulapalem","7"
"157","Razole","7"
"158","Sakhinetipalli","7"
"159","Uppalaguptam","7"
"160","Anaparthi","8"
"161","Biccavolu","8"
"162","Chagallu","8"
"163","Devarapalle","8"
"164","Gokavaram","8"
"165","Gopalapuram","8"
"166","Kadiam","8"
"167","Kapileswarapuram","8"
"168","Korukonda","8"
"169","Kovvur","8"
"170","Mandapeta","8"
"171","Nallajerla","8"
"172","Nidadavole","8"
"173","Peravali","8"
"174","Rajamahendravaram Rural","8"
"175","Rajamahendravaram Urban","8"
"176","Rajanagaram","8"
"177","Rangampeta","8"
"178","Rayavaram","8"
"179","Seethanagaram","8"
"180","Tallapudi","8"
"181","Undrajavaram","8"
"182","Agiripalli","9"
"183","Bheemadole","9"
"184","Buttayagudem","9"
"185","Chatrai","9"
"186","Chintalapudi","9"
"187","Denduluru","9"
"188","Dwarakatirumala","9"
"189","Eluru Rural","9"
"190","Eluru Urban","9"
"191","Jangareddigudem","9"
"192","Jeelugu Milli","9"
"193","Kaikaluru","9"
"194","Kalidindi","9"
"195","Kamavarapukota","9"
"196","Koyyalagudem","9"
"197","Kukunoor","9"
"198","Lingapalem","9"
"199","Mandavalli","9"
"200","Mudinepalle","9"
"201","Musunuru","9"
"202","Nidamarru","9"
"203","Nuzividu","9"
"204","Pedapadu","9"
"205","Pedavegi","9"
"206","Polavaram","9"
"207","T.Narasapuram","9"
"208","Unguturu","9"
"209","Velairpadu","9"
"210","Chebrolu","10"
"211","Duggirala","10"
"212","Guntur East","10"
"213","Guntur West","10"
"214","Kakumanu","10"
"215","Kollipara","10"
"216","Mangalagiri","10"
"217","Medikonduru","10"
"218","Pedakakani","10"
"219","Pedanandipadu","10"
"220","Phirangipuram","10"
"221","Ponnur","10"
"222","Prathipadu","10"
"223","Tadepalli","10"
"224","Tadikonda","10"
"225","Tenali","10"
"226","Thulluru","10"
"227","Vatticherukuru","10"
"228","Gandepalli","11"
"229","Gollaprolu","11"
"230","Jaggampeta","11"
"231","Kajuluru","11"
"232","Kakinada (Rural)","11"
"233","Kakinada (Urban)","11"
"234","Karapa","11"
"235","Kirlampudi","11"
"236","Kotananduru","11"
"237","Pedapudi","11"
"238","Peddapuram","11"
"239","Pithapuram","11"
"240","Prathipadu","11"
"241","Rowthulapudi","11"
"242","Samalkota","11"
"243","Sankhavaram","11"
"244","Tallarevu","11"
"245","Thondangi","11"
"246","Tuni","11"
"247","U.Kothapalli","11"
"248","Yeleswaram","11"
"249","Avanigadda","12"
"250","Bantumilli","12"
"251","Bapulapadu","12"
"252","Challapalli","12"
"253","Gannavaram","12"
"254","Ghantasala","12"
"255","Gudivada","12"
"256","Gudlavalleru","12"
"257","Guduru","12"
"258","Kankipadu","12"
"259","Koduru","12"
"260","Kruthivennu","12"
"261","Machilipatnam North","12"
"262","Machilipatnam South","12"
"263","Mopidevi","12"
"264","Movva","12"
"265","Nagayalanka","12"
"266","Nandivada","12"
"267","Pamarru","12"
"268","Pamidimukkala","12"
"269","Pedana","12"
"270","Pedaparupudi","12"
"271","Penamaluru","12"
"272","Thotlavalluru","12"
"273","Unguturu","12"
"274","Vuyyuru","12"
"275","Adoni","13"
"276","Adoni-2","13"
"277","Alur","13"
"278","Aspari","13"
"279","C.Belagal","13"
"280","Chippagiri","13"
"281","Devanakonda","13"
"282","Gonegandla","13"
"283","Gudur","13"
"284","Halaharvi","13"
"285","Holagunda","13"
"286","Kallur","13"
"287","Kodumur","13"
"288","Kosigi","13"
"289","Kowthalam","13"
"290","Krishnagiri","13"
"291","Kurnool Rural","13"
"292","Kurnool Urban","13"
"293","Maddikera (East)","13"
"294","Mantralayam","13"
"295","Nandavaram","13"
"296","Orvakal","13"
"297","Pattikonda","13"
"298","Pedda Kadubur","13"
"299","Tuggali","13"
"300","Veldurthy","13"
"301","Yemmiganur","13"
"302","Ardhaveedu","14"
"303","Bestavaripeta","14"
"304","Chandra Sekhara Puram","14"
"305","Cumbum","14"
"306","Dornala","14"
"307","Giddalur","14"
"308","Hanumanthuni Padu","14"
"309","Kanigiri","14"
"310","Komarolu","14"
"311","Konakanamitla","14"
"312","Markapuram","14"
"313","Pamur","14"
"314","Pedacherlo Palle","14"
"315","Peddaaraveedu","14"
"316","Podili","14"
"317","Pullalacheruvu","14"
"318","Racherla","14"
"319","Tarlupadu","14"
"320","Tripuranthakam","14"
"321","Veligandla","14"
"322","Yerragondapalem","14"
"323","Allagadda","15"
"324","Atmakur","15"
"325","Banaganapalli","15"
"326","Bandi Atmakur","15"
"327","Bethamcherla","15"
"328","Chagalamarri","15"
"329","Dhone","15"
"330","Dornipadu","15"
"331","Gadivemula","15"
"332","Gospadu","15"
"333","Jupadu Bunglow","15"
"334","Koilakuntla","15"
"335","Kolimigundla","15"
"336","Kothapalle","15"
"337","Mahanandi","15"
"338","Midthur","15"
"339","Nandikotkur","15"
"340","Nandyal Rural","15"
"341","Nandyal Urban","15"
"342","Owk","15"
"343","Pagidyala","15"
"344","Pamulapadu","15"
"345","Panyam","15"
"346","Peapully","15"
"347","Rudravaram","15"
"348","Sanjamala","15"
"349","Sirvel","15"
"350","Srisailam","15"
"351","Uyyalawada","15"
"352","Velugodu","15"
"353","Atlapragada Konduru","16"
"354","Chandarlapadu","16"
"355","Gaddamanugu Konduru","16"
"356","Gampalagudem","16"
"357","Ibrahimpatnam","16"
"358","Jaggaiahpeta","16"
"359","Kanchikacherla","16"
"360","Mylavaram","16"
"361","Nandigama","16"
"362","Penuganchiprolu","16"
"363","Reddigudem","16"
"364","Tiruvuru","16"
"365","Vatsavai","16"
"366","Veerullapadu","16"
"367","Vijayawada (Rural)","16"
"368","Vijayawada Central","16"
"369","Vijayawada East","16"
"370","Vijayawada North","16"
"371","Vijayawada West","16"
"372","Vissannapeta","16"
"373","Amaravathi","17"
"374","Atchampet","17"
"375","Bellamkonda","17"
"376","Bollapalli","17"
"377","Chilakaluripet H/O.Purushotha Patnam","17"
"378","Dachepalli","17"
"379","Durgi","17"
"380","Edlapadu","17"
"381","Gurajala","17"
"382","Ipuru","17"
"383","Karempudi","17"
"384","Krosuru","17"
"385","Machavaram","17"
"386","Macherla","17"
"387","Muppalla","17"
"388","Nadendla","17"
"389","Narasaraopet","17"
"390","Nekarikallu","17"
"391","Nuzendla","17"
"392","Pedakurapadu","17"
"393","Piduguralla","17"
"394","Rajupalem","17"
"395","Rentachintala","17"
"396","Rompicharla","17"
"397","Sattenapalli","17"
"398","Savalyapuram H/O Kanamarlapudi","17"
"399","Veldurthy","17"
"400","Vinukonda","17"
"401","Balijipeta","18"
"402","Bhamini","18"
"403","Garugubilli","18"
"404","Gummalakshmipuram","18"
"405","Jiyyammavalasa","18"
"406","Komarada","18"
"407","Kurupam","18"
"408","Makkuva","18"
"409","Pachipenta","18"
"410","Palakonda","18"
"411","Parvathipuram","18"
"412","Salur","18"
"413","Seethampeta","18"
"414","Seethanagaram","18"
"415","Veeraghattam","18"
"416","Addateegala","19"
"417","Chinturu","19"
"418","Devipatnam","19"
"419","Gangavaram","19"
"420","Gurthedu","19"
"421","Kunavaram","19"
"422","Maredumilli","19"
"423","Rajavommangi","19"
"424","Rampachodavaram","19"
"425","Vararamachandrapuram","19"
"426","Y. Ramavaram","19"
"427","Yetapaka","19"
"428","Addanki","20"
"429","Ballikurava","20"
"430","Chimakurthy","20"
"431","Darsi","20"
"432","Donakonda","20"
"433","Gudluru","20"
"434","J.Pangulur","20"
"435","Kandukuru","20"
"436","Kondapi","20"
"437","Korisapadu","20"
"438","Kotha Patnam","20"
"439","Kurichedu","20"
"440","Lingasamudram","20"
"441","Maddipadu","20"
"442","Marripudi","20"
"443","Mundlamuru","20"
"444","Naguluppala Padu","20"
"445","Ongole Rural","20"
"446","Ongole Urban","20"
"447","Ponnaluru","20"
"448","Santhamaguluru","20"
"449","Santhanuthala Padu","20"
"450","Singarayakonda","20"
"451","Tangutur","20"
"452","Thallur","20"
"453","Ulavapadu","20"
"454","Voletivaripalem","20"
"455","Zarugumalli","20"
"456","Allur","21"
"457","Ananthasagaram","21"
"458","Anumasamudrampeta","21"
"459","Atmakur","21"
"460","Bogole","21"
"461","Buchireddipalem","21"
"462","Chejerla","21"
"463","Chillakur","21"
"464","Dagadarthi","21"
"465","Duttalur","21"
"466","Gudur","21"
"467","Indukurpet","21"
"468","Jaladanki","21"
"469","Kaligiri","21"
"470","Kaluvoya","21"
"471","Kavali","21"
"472","Kodavalur","21"
"473","Kondapuram","21"
"474","Kota","21"
"475","Kovur","21"
"476","Manubolu","21"
"477","Marripadu","21"
"478","Muthukur","21"
"479","Nellore Rural","21"
"480","Nellore Urban","21"
"481","Podalakur","21"
"482","Rapur","21"
"483","Sangam","21"
"484","Seetharamapuram","21"
"485","Sydapuram","21"
"486","Thotapalligudur","21"
"487","Udayagiri","21"
"488","Varikuntapadu","21"
"489","Venkatachalam","21"
"490","Vidavalur","21"
"491","Vinjamur","21"
"492","Agali","22"
"493","Amadagur","22"
"494","Amarapuram","22"
"495","Bathalapalli","22"
"496","Bukkapatnam","22"
"497","Chennekothapalli","22"
"498","Chilamathur","22"
"499","Dharmavaram","22"
"500","Gandlapenta","22"
"501","Gorantla","22"
"502","Gudibanda","22"
"503","Hindupur","22"
"504","Kadiri","22"
"505","Kanaganipalli","22"
"506","Kothacheruvu","22"
"507","Lepakshi","22"
"508","Madakasira","22"
"509","Mudigubba","22"
"510","Nallachervu","22"
"511","Nallamada","22"
"512","Nambulapulakunta","22"
"513","Obuladevaracheruvu","22"
"514","Parigi","22"
"515","Penukonda","22"
"516","Puttaparthy","22"
"517","Ramagiri","22"
"518","Roddam","22"
"519","Rolla","22"
"520","Somandepalli","22"
"521","Tadimarri","22"
"522","Talupula","22"
"523","Tanakal","22"
"524","Amadalavalasa","23"
"525","Burja","23"
"526","Etcherla","23"
"527","Ganguvarisigadam","23"
"528","Gara","23"
"529","Hiramandalam","23"
"530","Ichchapuram","23"
"531","Jalumuru","23"
"532","Kanchili","23"
"533","Kaviti","23"
"534","Kotabommali","23"
"535","Kothuru","23"
"536","Laveru","23"
"537","Laxminarasupeta","23"
"538","Mandasa","23"
"539","Meliaputti","23"
"540","Nandigam","23"
"541","Narasannapeta","23"
"542","Palasa","23"
"543","Pathapatnam","23"
"544","Polaki","23"
"545","Ponduru","23"
"546","Ranastalam","23"
"547","Santhabommali","23"
"548","Saravakota","23"
"549","Sarubujjili","23"
"550","Sompeta","23"
"551","Srikakulam","23"
"552","Tekkali","23"
"553","Vajrapukotturu","23"
"554","Balayapalli","24"
"555","Buchinaidu Kandriga","24"
"556","Chandragiri","24"
"557","Chinnagottigallu","24"
"558","Chittamur","24"
"559","Chitvel","24"
"560","Dakkili","24"
"561","Doravarisatram","24"
"562","Kodur","24"
"563","Kumara Venkata Bhupala Puram","24"
"564","Nagalapuram","24"
"565","Naidupet","24"
"566","Narayanavanam","24"
"567","Obulavaripalle","24"
"568","Ozili","24"
"569","Pakala","24"
"570","Pellakur","24"
"571","Penagalur","24"
"572","Pichatur","24"
"573","Pullampeta","24"
"574","Puttur","24"
"575","Ramachandrapuram","24"
"576","Renigunta","24"
"577","Satyavedu","24"
"578","Srikalahasti","24"
"579","Sullurpeta","24"
"580","Tada","24"
"581","Thottambedu","24"
"582","Tirupati (Rural)","24"
"583","Tirupati (Urban)","24"
"584","Vadamalapet","24"
"585","Vakadu","24"
"586","Varadaiahpalem","24"
"587","Venkatagiri","24"
"588","Yerpedu","24"
"589","Yerravaripalem","24"
"590","Anandapuram","25"
"591","Bheemunipatnam","25"
"592","Gajuwaka","25"
"593","Gopalapatnam","25"
"594","Maharanipeta","25"
"595","Mulagada","25"
"596","Padmanabham","25"
"597","Pedagantyada","25"
"598","Pendurthi","25"
"599","Seethammadhara","25"
"600","Visakhapatnam (Rural)","25"
"601","Badangi","26"
"602","Bhogapuram","26"
"603","Bobbili","26"
"604","Bondapalli","26"
"605","Cheepurupalli","26"
"606","Dattirajeru","26"
"607","Denkada","26"
"608","Gajapathinagaram","26"
"609","Gantyada","26"
"610","Garividi","26"
"611","Gurla","26"
"612","Jami","26"
"613","Kothavalasa","26"
"614","Lakkavarapukota","26"
"615","Mentada","26"
"616","Merakamudidam","26"
"617","Nellimarla","26"
"618","Poosapatirega","26"
"619","Rajam","26"
"620","Ramabhadrapuram","26"
"621","Regidi Amadalavalasa","26"
"622","Santhakaviti","26"
"623","Srungavarapukota","26"
"624","Therlam","26"
"625","Vangara","26"
"626","Vepada","26"
"627","Vizianagaram Rural","26"
"628","Vizianagaram Urban","26"
"629","Achanta","27"
"630","Akividu","27"
"631","Attili","27"
"632","Bhimavaram","27"
"633","Ganapavaram","27"
"634","Iragavaram","27"
"635","Kalla","27"
"636","Mogalthur","27"
"637","Narasapuram","27"
"638","Palacoderu","27"
"639","Palacole","27"
"640","Pentapadu","27"
"641","Penugonda","27"
"642","Penumantra","27"
"643","Poduru","27"
"644","Tadepalligudem","27"
"645","Tanuku","27"
"646","Undi","27"
"647","Veeravasaram","27"
"648","Yelamanchili","27"
"649","Atlur","28"
"650","B.Kodur","28"
"651","Badvel","28"
"652","Brahmamgarimattam","28"
"653","Chakrayapet","28"
"654","Chapad","28"
"655","Chennur","28"
"656","Chinthakommadinne","28"
"657","Duvvur","28"
"658","Gopavaram","28"
"659","Jammalamadugu","28"
"660","Kadapa","28"
"661","Kalasapadu","28"
"662","Kamalapuram","28"
"663","Khajipeta","28"
"664","Kondapuram","28"
"665","Lingala","28"
"666","Muddanur","28"
"667","Mylavaram","28"
"668","Nandalur","28"
"669","Peddamudiam","28"
"670","Pendlimarry","28"
"671","Porumamilla","28"
"672","Proddutur","28"
"673","Pulivendula","28"
"674","Rajampet","28"
"675","Rajupalem","28"
"676","S.Mydukur","28"
"677","Sidhout","28"
"678","Simhadripuram","28"
"679","Sri Avadhutha Kasinayana","28"
"680","T.Sundupalle","28"
"681","Thondur","28"
"682","Vallur","28"
"683","Veeraballe","28"
"684","Veerapunayunipalle","28"
"685","Vempalli","28"
"686","Vemula","28"
"687","Vontimitta","28"
"688","Yerraguntla","28"
