"state_id","state_name","country_id","country_name","id","mandal_name","district_id"
"2","Andhra Pradesh","1","India","1","Ananthagiri","1"
"2","Andhra Pradesh","1","India","2","Araku Valley","1"
"2","Andhra Pradesh","1","India","3","Chinthapalli","1"
"2","Andhra Pradesh","1","India","4","Dumbriguda","1"
"2","Andhra Pradesh","1","India","5","G.Madugula","1"
"2","Andhra Pradesh","1","India","6","Gudem Kotha Veedhi","1"
"2","Andhra Pradesh","1","India","7","Hukumpeta","1"
"2","Andhra Pradesh","1","India","8","Koyyuru","1"
"2","Andhra Pradesh","1","India","9","Munchingi Puttu","1"
"2","Andhra Pradesh","1","India","10","Paderu","1"
"2","Andhra Pradesh","1","India","11","Peda Bayalu","1"
"2","Andhra Pradesh","1","India","12","Anakapalli","2"
"2","Andhra Pradesh","1","India","13","Atchuthapuram","2"
"2","Andhra Pradesh","1","India","14","Butchayyapeta","2"
"2","Andhra Pradesh","1","India","15","Cheedikada","2"
"2","Andhra Pradesh","1","India","16","Chodavaram","2"
"2","Andhra Pradesh","1","India","17","Devarapalli","2"
"2","Andhra Pradesh","1","India","18","Golugonda","2"
"2","Andhra Pradesh","1","India","19","K.Kotapadu","2"
"2","Andhra Pradesh","1","India","20","Kasimkota","2"
"2","Andhra Pradesh","1","India","21","Kotauratla","2"
"2","Andhra Pradesh","1","India","22","Madugula","2"
"2","Andhra Pradesh","1","India","23","Makavarapalem","2"
"2","Andhra Pradesh","1","India","24","Munagapaka","2"
"2","Andhra Pradesh","1","India","25","Nakkapalli","2"
"2","Andhra Pradesh","1","India","26","Narsipatnam","2"
"2","Andhra Pradesh","1","India","27","Nathavaram","2"
"2","Andhra Pradesh","1","India","28","Paravada","2"
"2","Andhra Pradesh","1","India","29","Payakaraopeta","2"
"2","Andhra Pradesh","1","India","30","Rambilli","2"
"2","Andhra Pradesh","1","India","31","Ravikamatham","2"
"2","Andhra Pradesh","1","India","32","Rolugunta","2"
"2","Andhra Pradesh","1","India","33","S.Rayavaram","2"
"2","Andhra Pradesh","1","India","34","Sabbavaram","2"
"2","Andhra Pradesh","1","India","35","Yelamanchili","2"
"2","Andhra Pradesh","1","India","36","Anantapur Rural","3"
"2","Andhra Pradesh","1","India","37","Anantapur Urban","3"
"2","Andhra Pradesh","1","India","38","Atmakur","3"
"2","Andhra Pradesh","1","India","39","Beluguppa","3"
"2","Andhra Pradesh","1","India","40","Bommanahal","3"
"2","Andhra Pradesh","1","India","41","Brahmasamudram","3"
"2","Andhra Pradesh","1","India","42","Bukkaraya Samudram","3"
"2","Andhra Pradesh","1","India","43","D.Hirehal","3"
"2","Andhra Pradesh","1","India","44","Garladinne","3"
"2","Andhra Pradesh","1","India","45","Gooty","3"
"2","Andhra Pradesh","1","India","46","Gummagatta","3"
"2","Andhra Pradesh","1","India","47","Guntakal","3"
"2","Andhra Pradesh","1","India","48","Kalyanadurg","3"
"2","Andhra Pradesh","1","India","49","Kambadur","3"
"2","Andhra Pradesh","1","India","50","Kanekal","3"
"2","Andhra Pradesh","1","India","51","Kudair","3"
"2","Andhra Pradesh","1","India","52","Kundurpi","3"
"2","Andhra Pradesh","1","India","53","Narpala","3"
"2","Andhra Pradesh","1","India","54","Pamidi","3"
"2","Andhra Pradesh","1","India","55","Peddapappur","3"
"2","Andhra Pradesh","1","India","56","Peddavaduguru","3"
"2","Andhra Pradesh","1","India","57","Putlur","3"
"2","Andhra Pradesh","1","India","58","Rapthadu","3"
"2","Andhra Pradesh","1","India","59","Rayadurg","3"
"2","Andhra Pradesh","1","India","60","Settur","3"
"2","Andhra Pradesh","1","India","61","Singanamala","3"
"2","Andhra Pradesh","1","India","62","Tadipatri","3"
"2","Andhra Pradesh","1","India","63","Uravakonda","3"
"2","Andhra Pradesh","1","India","64","Vajrakarur","3"
"2","Andhra Pradesh","1","India","65","Vidapanakal","3"
"2","Andhra Pradesh","1","India","66","Yadiki","3"
"2","Andhra Pradesh","1","India","67","Yellanur","3"
"2","Andhra Pradesh","1","India","68","Beerongi Kothakota","4"
"2","Andhra Pradesh","1","India","69","Chinnamandem","4"
"2","Andhra Pradesh","1","India","70","Chowdepalle","4"
"2","Andhra Pradesh","1","India","71","Galiveedu","4"
"2","Andhra Pradesh","1","India","72","Gurramkonda","4"
"2","Andhra Pradesh","1","India","73","Kalakada","4"
"2","Andhra Pradesh","1","India","74","Kalikiri","4"
"2","Andhra Pradesh","1","India","75","Kambhamvaripalle","4"
"2","Andhra Pradesh","1","India","76","Kurabalakota","4"
"2","Andhra Pradesh","1","India","77","Lakkireddipalli","4"
"2","Andhra Pradesh","1","India","78","Madanapalle","4"
"2","Andhra Pradesh","1","India","79","Mulakalacheruvu","4"
"2","Andhra Pradesh","1","India","80","Nimmanapalle","4"
"2","Andhra Pradesh","1","India","81","Pedda Thippasamudram","4"
"2","Andhra Pradesh","1","India","82","Peddamandyam","4"
"2","Andhra Pradesh","1","India","83","Pileru","4"
"2","Andhra Pradesh","1","India","84","Punganuru","4"
"2","Andhra Pradesh","1","India","85","Ramapuram","4"
"2","Andhra Pradesh","1","India","86","Ramasamudram","4"
"2","Andhra Pradesh","1","India","87","Rayachoti","4"
"2","Andhra Pradesh","1","India","88","Sambepalle","4"
"2","Andhra Pradesh","1","India","89","Sodam","4"
"2","Andhra Pradesh","1","India","90","Somala","4"
"2","Andhra Pradesh","1","India","91","Thamballapalle","4"
"2","Andhra Pradesh","1","India","92","Valmikipuram","4"
"2","Andhra Pradesh","1","India","93","Amarthalur","5"
"2","Andhra Pradesh","1","India","94","Bapatla","5"
"2","Andhra Pradesh","1","India","95","Bhattiprolu","5"
"2","Andhra Pradesh","1","India","96","Cherukupalli","5"
"2","Andhra Pradesh","1","India","97","Chinaganjam","5"
"2","Andhra Pradesh","1","India","98","Chirala","5"
"2","Andhra Pradesh","1","India","99","Inkollu","5"
"2","Andhra Pradesh","1","India","100","Karamchedu","5"
"2","Andhra Pradesh","1","India","101","Karlapalem","5"
"2","Andhra Pradesh","1","India","102","Kolluru","5"
"2","Andhra Pradesh","1","India","103","Martur","5"
"2","Andhra Pradesh","1","India","104","Nagaram","5"
"2","Andhra Pradesh","1","India","105","Nizampatnam","5"
"2","Andhra Pradesh","1","India","106","Parchur","5"
"2","Andhra Pradesh","1","India","107","Pittalavanipalem","5"
"2","Andhra Pradesh","1","India","108","Repalle","5"
"2","Andhra Pradesh","1","India","109","Tsunduru","5"
"2","Andhra Pradesh","1","India","110","Vemuru","5"
"2","Andhra Pradesh","1","India","111","Vetapalem","5"
"2","Andhra Pradesh","1","India","112","Yeddana Pudi","5"
"2","Andhra Pradesh","1","India","113","Baireddipalle","6"
"2","Andhra Pradesh","1","India","114","Bangarupalem","6"
"2","Andhra Pradesh","1","India","115","Chittoor Rural","6"
"2","Andhra Pradesh","1","India","116","Chittoor Urban","6"
"2","Andhra Pradesh","1","India","117","Gangadhara Nellore","6"
"2","Andhra Pradesh","1","India","118","Gangavaram","6"
"2","Andhra Pradesh","1","India","119","Gudipala","6"
"2","Andhra Pradesh","1","India","120","Gudupalle","6"
"2","Andhra Pradesh","1","India","121","Irala","6"
"2","Andhra Pradesh","1","India","122","Karvetinagar","6"
"2","Andhra Pradesh","1","India","123","Kuppam","6"
"2","Andhra Pradesh","1","India","124","Nagari","6"
"2","Andhra Pradesh","1","India","125","Nindra","6"
"2","Andhra Pradesh","1","India","126","Palamaner","6"
"2","Andhra Pradesh","1","India","127","Palasamudram","6"
"2","Andhra Pradesh","1","India","128","Peddapanjani","6"
"2","Andhra Pradesh","1","India","129","Penumur","6"
"2","Andhra Pradesh","1","India","130","Pulicherla","6"
"2","Andhra Pradesh","1","India","131","Puthalapattu","6"
"2","Andhra Pradesh","1","India","132","Ramakuppam","6"
"2","Andhra Pradesh","1","India","133","Rompicherla","6"
"2","Andhra Pradesh","1","India","134","Santhipuram","6"
"2","Andhra Pradesh","1","India","135","Srirangarajapuram","6"
"2","Andhra Pradesh","1","India","136","Thavanampalle","6"
"2","Andhra Pradesh","1","India","137","Vedurukuppam","6"
"2","Andhra Pradesh","1","India","138","Venkatagirikota","6"
"2","Andhra Pradesh","1","India","139","Vijayapuram","6"
"2","Andhra Pradesh","1","India","140","Yadamarri","6"
"2","Andhra Pradesh","1","India","141","Ainavilli","7"
"2","Andhra Pradesh","1","India","142","Alamuru","7"
"2","Andhra Pradesh","1","India","143","Allavaram","7"
"2","Andhra Pradesh","1","India","144","Amalapuram","7"
"2","Andhra Pradesh","1","India","145","Ambajipeta","7"
"2","Andhra Pradesh","1","India","146","Atreyapuram","7"
"2","Andhra Pradesh","1","India","147","I. Polavaram","7"
"2","Andhra Pradesh","1","India","148","K Gangavaram","7"
"2","Andhra Pradesh","1","India","149","Katrenikona","7"
"2","Andhra Pradesh","1","India","150","Kothapeta","7"
"2","Andhra Pradesh","1","India","151","Malikipuram","7"
"2","Andhra Pradesh","1","India","152","Mamidikuduru","7"
"2","Andhra Pradesh","1","India","153","Mummidivaram","7"
"2","Andhra Pradesh","1","India","154","P.Gannavaram","7"
"2","Andhra Pradesh","1","India","155","Ramachandrapuram","7"
"2","Andhra Pradesh","1","India","156","Ravulapalem","7"
"2","Andhra Pradesh","1","India","157","Razole","7"
"2","Andhra Pradesh","1","India","158","Sakhinetipalli","7"
"2","Andhra Pradesh","1","India","159","Uppalaguptam","7"
"2","Andhra Pradesh","1","India","160","Anaparthi","8"
"2","Andhra Pradesh","1","India","161","Biccavolu","8"
"2","Andhra Pradesh","1","India","162","Chagallu","8"
"2","Andhra Pradesh","1","India","163","Devarapalle","8"
"2","Andhra Pradesh","1","India","164","Gokavaram","8"
"2","Andhra Pradesh","1","India","165","Gopalapuram","8"
"2","Andhra Pradesh","1","India","166","Kadiam","8"
"2","Andhra Pradesh","1","India","167","Kapileswarapuram","8"
"2","Andhra Pradesh","1","India","168","Korukonda","8"
"2","Andhra Pradesh","1","India","169","Kovvur","8"
"2","Andhra Pradesh","1","India","170","Mandapeta","8"
"2","Andhra Pradesh","1","India","171","Nallajerla","8"
"2","Andhra Pradesh","1","India","172","Nidadavole","8"
"2","Andhra Pradesh","1","India","173","Peravali","8"
"2","Andhra Pradesh","1","India","174","Rajamahendravaram Rural","8"
"2","Andhra Pradesh","1","India","175","Rajamahendravaram Urban","8"
"2","Andhra Pradesh","1","India","176","Rajanagaram","8"
"2","Andhra Pradesh","1","India","177","Rangampeta","8"
"2","Andhra Pradesh","1","India","178","Rayavaram","8"
"2","Andhra Pradesh","1","India","179","Seethanagaram","8"
"2","Andhra Pradesh","1","India","180","Tallapudi","8"
"2","Andhra Pradesh","1","India","181","Undrajavaram","8"
"2","Andhra Pradesh","1","India","182","Agiripalli","9"
"2","Andhra Pradesh","1","India","183","Bheemadole","9"
"2","Andhra Pradesh","1","India","184","Buttayagudem","9"
"2","Andhra Pradesh","1","India","185","Chatrai","9"
"2","Andhra Pradesh","1","India","186","Chintalapudi","9"
"2","Andhra Pradesh","1","India","187","Denduluru","9"
"2","Andhra Pradesh","1","India","188","Dwarakatirumala","9"
"2","Andhra Pradesh","1","India","189","Eluru Rural","9"
"2","Andhra Pradesh","1","India","190","Eluru Urban","9"
"2","Andhra Pradesh","1","India","191","Jangareddigudem","9"
"2","Andhra Pradesh","1","India","192","Jeelugu Milli","9"
"2","Andhra Pradesh","1","India","193","Kaikaluru","9"
"2","Andhra Pradesh","1","India","194","Kalidindi","9"
"2","Andhra Pradesh","1","India","195","Kamavarapukota","9"
"2","Andhra Pradesh","1","India","196","Koyyalagudem","9"
"2","Andhra Pradesh","1","India","197","Kukunoor","9"
"2","Andhra Pradesh","1","India","198","Lingapalem","9"
"2","Andhra Pradesh","1","India","199","Mandavalli","9"
"2","Andhra Pradesh","1","India","200","Mudinepalle","9"
"2","Andhra Pradesh","1","India","201","Musunuru","9"
"2","Andhra Pradesh","1","India","202","Nidamarru","9"
"2","Andhra Pradesh","1","India","203","Nuzividu","9"
"2","Andhra Pradesh","1","India","204","Pedapadu","9"
"2","Andhra Pradesh","1","India","205","Pedavegi","9"
"2","Andhra Pradesh","1","India","206","Polavaram","9"
"2","Andhra Pradesh","1","India","207","T.Narasapuram","9"
"2","Andhra Pradesh","1","India","208","Unguturu","9"
"2","Andhra Pradesh","1","India","209","Velairpadu","9"
"2","Andhra Pradesh","1","India","210","Chebrolu","10"
"2","Andhra Pradesh","1","India","211","Duggirala","10"
"2","Andhra Pradesh","1","India","212","Guntur East","10"
"2","Andhra Pradesh","1","India","213","Guntur West","10"
"2","Andhra Pradesh","1","India","214","Kakumanu","10"
"2","Andhra Pradesh","1","India","215","Kollipara","10"
"2","Andhra Pradesh","1","India","216","Mangalagiri","10"
"2","Andhra Pradesh","1","India","217","Medikonduru","10"
"2","Andhra Pradesh","1","India","218","Pedakakani","10"
"2","Andhra Pradesh","1","India","219","Pedanandipadu","10"
"2","Andhra Pradesh","1","India","220","Phirangipuram","10"
"2","Andhra Pradesh","1","India","221","Ponnur","10"
"2","Andhra Pradesh","1","India","222","Prathipadu","10"
"2","Andhra Pradesh","1","India","223","Tadepalli","10"
"2","Andhra Pradesh","1","India","224","Tadikonda","10"
"2","Andhra Pradesh","1","India","225","Tenali","10"
"2","Andhra Pradesh","1","India","226","Thulluru","10"
"2","Andhra Pradesh","1","India","227","Vatticherukuru","10"
"2","Andhra Pradesh","1","India","228","Gandepalli","11"
"2","Andhra Pradesh","1","India","229","Gollaprolu","11"
"2","Andhra Pradesh","1","India","230","Jaggampeta","11"
"2","Andhra Pradesh","1","India","231","Kajuluru","11"
"2","Andhra Pradesh","1","India","232","Kakinada (Rural)","11"
"2","Andhra Pradesh","1","India","233","Kakinada (Urban)","11"
"2","Andhra Pradesh","1","India","234","Karapa","11"
"2","Andhra Pradesh","1","India","235","Kirlampudi","11"
"2","Andhra Pradesh","1","India","236","Kotananduru","11"
"2","Andhra Pradesh","1","India","237","Pedapudi","11"
"2","Andhra Pradesh","1","India","238","Peddapuram","11"
"2","Andhra Pradesh","1","India","239","Pithapuram","11"
"2","Andhra Pradesh","1","India","240","Prathipadu","11"
"2","Andhra Pradesh","1","India","241","Rowthulapudi","11"
"2","Andhra Pradesh","1","India","242","Samalkota","11"
"2","Andhra Pradesh","1","India","243","Sankhavaram","11"
"2","Andhra Pradesh","1","India","244","Tallarevu","11"
"2","Andhra Pradesh","1","India","245","Thondangi","11"
"2","Andhra Pradesh","1","India","246","Tuni","11"
"2","Andhra Pradesh","1","India","247","U.Kothapalli","11"
"2","Andhra Pradesh","1","India","248","Yeleswaram","11"
"2","Andhra Pradesh","1","India","249","Avanigadda","12"
"2","Andhra Pradesh","1","India","250","Bantumilli","12"
"2","Andhra Pradesh","1","India","251","Bapulapadu","12"
"2","Andhra Pradesh","1","India","252","Challapalli","12"
"2","Andhra Pradesh","1","India","253","Gannavaram","12"
"2","Andhra Pradesh","1","India","254","Ghantasala","12"
"2","Andhra Pradesh","1","India","255","Gudivada","12"
"2","Andhra Pradesh","1","India","256","Gudlavalleru","12"
"2","Andhra Pradesh","1","India","257","Guduru","12"
"2","Andhra Pradesh","1","India","258","Kankipadu","12"
"2","Andhra Pradesh","1","India","259","Koduru","12"
"2","Andhra Pradesh","1","India","260","Kruthivennu","12"
"2","Andhra Pradesh","1","India","261","Machilipatnam North","12"
"2","Andhra Pradesh","1","India","262","Machilipatnam South","12"
"2","Andhra Pradesh","1","India","263","Mopidevi","12"
"2","Andhra Pradesh","1","India","264","Movva","12"
"2","Andhra Pradesh","1","India","265","Nagayalanka","12"
"2","Andhra Pradesh","1","India","266","Nandivada","12"
"2","Andhra Pradesh","1","India","267","Pamarru","12"
"2","Andhra Pradesh","1","India","268","Pamidimukkala","12"
"2","Andhra Pradesh","1","India","269","Pedana","12"
"2","Andhra Pradesh","1","India","270","Pedaparupudi","12"
"2","Andhra Pradesh","1","India","271","Penamaluru","12"
"2","Andhra Pradesh","1","India","272","Thotlavalluru","12"
"2","Andhra Pradesh","1","India","273","Unguturu","12"
"2","Andhra Pradesh","1","India","274","Vuyyuru","12"
"2","Andhra Pradesh","1","India","275","Adoni","13"
"2","Andhra Pradesh","1","India","276","Adoni-2","13"
"2","Andhra Pradesh","1","India","277","Alur","13"
"2","Andhra Pradesh","1","India","278","Aspari","13"
"2","Andhra Pradesh","1","India","279","C.Belagal","13"
"2","Andhra Pradesh","1","India","280","Chippagiri","13"
"2","Andhra Pradesh","1","India","281","Devanakonda","13"
"2","Andhra Pradesh","1","India","282","Gonegandla","13"
"2","Andhra Pradesh","1","India","283","Gudur","13"
"2","Andhra Pradesh","1","India","284","Halaharvi","13"
"2","Andhra Pradesh","1","India","285","Holagunda","13"
"2","Andhra Pradesh","1","India","286","Kallur","13"
"2","Andhra Pradesh","1","India","287","Kodumur","13"
"2","Andhra Pradesh","1","India","288","Kosigi","13"
"2","Andhra Pradesh","1","India","289","Kowthalam","13"
"2","Andhra Pradesh","1","India","290","Krishnagiri","13"
"2","Andhra Pradesh","1","India","291","Kurnool Rural","13"
"2","Andhra Pradesh","1","India","292","Kurnool Urban","13"
"2","Andhra Pradesh","1","India","293","Maddikera (East)","13"
"2","Andhra Pradesh","1","India","294","Mantralayam","13"
"2","Andhra Pradesh","1","India","295","Nandavaram","13"
"2","Andhra Pradesh","1","India","296","Orvakal","13"
"2","Andhra Pradesh","1","India","297","Pattikonda","13"
"2","Andhra Pradesh","1","India","298","Pedda Kadubur","13"
"2","Andhra Pradesh","1","India","299","Tuggali","13"
"2","Andhra Pradesh","1","India","300","Veldurthy","13"
"2","Andhra Pradesh","1","India","301","Yemmiganur","13"
"2","Andhra Pradesh","1","India","302","Ardhaveedu","14"
"2","Andhra Pradesh","1","India","303","Bestavaripeta","14"
"2","Andhra Pradesh","1","India","304","Chandra Sekhara Puram","14"
"2","Andhra Pradesh","1","India","305","Cumbum","14"
"2","Andhra Pradesh","1","India","306","Dornala","14"
"2","Andhra Pradesh","1","India","307","Giddalur","14"
"2","Andhra Pradesh","1","India","308","Hanumanthuni Padu","14"
"2","Andhra Pradesh","1","India","309","Kanigiri","14"
"2","Andhra Pradesh","1","India","310","Komarolu","14"
"2","Andhra Pradesh","1","India","311","Konakanamitla","14"
"2","Andhra Pradesh","1","India","312","Markapuram","14"
"2","Andhra Pradesh","1","India","313","Pamur","14"
"2","Andhra Pradesh","1","India","314","Pedacherlo Palle","14"
"2","Andhra Pradesh","1","India","315","Peddaaraveedu","14"
"2","Andhra Pradesh","1","India","316","Podili","14"
"2","Andhra Pradesh","1","India","317","Pullalacheruvu","14"
"2","Andhra Pradesh","1","India","318","Racherla","14"
"2","Andhra Pradesh","1","India","319","Tarlupadu","14"
"2","Andhra Pradesh","1","India","320","Tripuranthakam","14"
"2","Andhra Pradesh","1","India","321","Veligandla","14"
"2","Andhra Pradesh","1","India","322","Yerragondapalem","14"
"2","Andhra Pradesh","1","India","323","Allagadda","15"
"2","Andhra Pradesh","1","India","324","Atmakur","15"
"2","Andhra Pradesh","1","India","325","Banaganapalli","15"
"2","Andhra Pradesh","1","India","326","Bandi Atmakur","15"
"2","Andhra Pradesh","1","India","327","Bethamcherla","15"
"2","Andhra Pradesh","1","India","328","Chagalamarri","15"
"2","Andhra Pradesh","1","India","329","Dhone","15"
"2","Andhra Pradesh","1","India","330","Dornipadu","15"
"2","Andhra Pradesh","1","India","331","Gadivemula","15"
"2","Andhra Pradesh","1","India","332","Gospadu","15"
"2","Andhra Pradesh","1","India","333","Jupadu Bunglow","15"
"2","Andhra Pradesh","1","India","334","Koilakuntla","15"
"2","Andhra Pradesh","1","India","335","Kolimigundla","15"
"2","Andhra Pradesh","1","India","336","Kothapalle","15"
"2","Andhra Pradesh","1","India","337","Mahanandi","15"
"2","Andhra Pradesh","1","India","338","Midthur","15"
"2","Andhra Pradesh","1","India","339","Nandikotkur","15"
"2","Andhra Pradesh","1","India","340","Nandyal Rural","15"
"2","Andhra Pradesh","1","India","341","Nandyal Urban","15"
"2","Andhra Pradesh","1","India","342","Owk","15"
"2","Andhra Pradesh","1","India","343","Pagidyala","15"
"2","Andhra Pradesh","1","India","344","Pamulapadu","15"
"2","Andhra Pradesh","1","India","345","Panyam","15"
"2","Andhra Pradesh","1","India","346","Peapully","15"
"2","Andhra Pradesh","1","India","347","Rudravaram","15"
"2","Andhra Pradesh","1","India","348","Sanjamala","15"
"2","Andhra Pradesh","1","India","349","Sirvel","15"
"2","Andhra Pradesh","1","India","350","Srisailam","15"
"2","Andhra Pradesh","1","India","351","Uyyalawada","15"
"2","Andhra Pradesh","1","India","352","Velugodu","15"
"2","Andhra Pradesh","1","India","353","Atlapragada Konduru","16"
"2","Andhra Pradesh","1","India","354","Chandarlapadu","16"
"2","Andhra Pradesh","1","India","355","Gaddamanugu Konduru","16"
"2","Andhra Pradesh","1","India","356","Gampalagudem","16"
"2","Andhra Pradesh","1","India","357","Ibrahimpatnam","16"
"2","Andhra Pradesh","1","India","358","Jaggaiahpeta","16"
"2","Andhra Pradesh","1","India","359","Kanchikacherla","16"
"2","Andhra Pradesh","1","India","360","Mylavaram","16"
"2","Andhra Pradesh","1","India","361","Nandigama","16"
"2","Andhra Pradesh","1","India","362","Penuganchiprolu","16"
"2","Andhra Pradesh","1","India","363","Reddigudem","16"
"2","Andhra Pradesh","1","India","364","Tiruvuru","16"
"2","Andhra Pradesh","1","India","365","Vatsavai","16"
"2","Andhra Pradesh","1","India","366","Veerullapadu","16"
"2","Andhra Pradesh","1","India","367","Vijayawada (Rural)","16"
"2","Andhra Pradesh","1","India","368","Vijayawada Central","16"
"2","Andhra Pradesh","1","India","369","Vijayawada East","16"
"2","Andhra Pradesh","1","India","370","Vijayawada North","16"
"2","Andhra Pradesh","1","India","371","Vijayawada West","16"
"2","Andhra Pradesh","1","India","372","Vissannapeta","16"
"2","Andhra Pradesh","1","India","373","Amaravathi","17"
"2","Andhra Pradesh","1","India","374","Atchampet","17"
"2","Andhra Pradesh","1","India","375","Bellamkonda","17"
"2","Andhra Pradesh","1","India","376","Bollapalli","17"
"2","Andhra Pradesh","1","India","377","Chilakaluripet H/O.Purushotha Patnam","17"
"2","Andhra Pradesh","1","India","378","Dachepalli","17"
"2","Andhra Pradesh","1","India","379","Durgi","17"
"2","Andhra Pradesh","1","India","380","Edlapadu","17"
"2","Andhra Pradesh","1","India","381","Gurajala","17"
"2","Andhra Pradesh","1","India","382","Ipuru","17"
"2","Andhra Pradesh","1","India","383","Karempudi","17"
"2","Andhra Pradesh","1","India","384","Krosuru","17"
"2","Andhra Pradesh","1","India","385","Machavaram","17"
"2","Andhra Pradesh","1","India","386","Macherla","17"
"2","Andhra Pradesh","1","India","387","Muppalla","17"
"2","Andhra Pradesh","1","India","388","Nadendla","17"
"2","Andhra Pradesh","1","India","389","Narasaraopet","17"
"2","Andhra Pradesh","1","India","390","Nekarikallu","17"
"2","Andhra Pradesh","1","India","391","Nuzendla","17"
"2","Andhra Pradesh","1","India","392","Pedakurapadu","17"
"2","Andhra Pradesh","1","India","393","Piduguralla","17"
"2","Andhra Pradesh","1","India","394","Rajupalem","17"
"2","Andhra Pradesh","1","India","395","Rentachintala","17"
"2","Andhra Pradesh","1","India","396","Rompicharla","17"
"2","Andhra Pradesh","1","India","397","Sattenapalli","17"
"2","Andhra Pradesh","1","India","398","Savalyapuram H/O Kanamarlapudi","17"
"2","Andhra Pradesh","1","India","399","Veldurthy","17"
"2","Andhra Pradesh","1","India","400","Vinukonda","17"
"2","Andhra Pradesh","1","India","401","Balijipeta","18"
"2","Andhra Pradesh","1","India","402","Bhamini","18"
"2","Andhra Pradesh","1","India","403","Garugubilli","18"
"2","Andhra Pradesh","1","India","404","Gummalakshmipuram","18"
"2","Andhra Pradesh","1","India","405","Jiyyammavalasa","18"
"2","Andhra Pradesh","1","India","406","Komarada","18"
"2","Andhra Pradesh","1","India","407","Kurupam","18"
"2","Andhra Pradesh","1","India","408","Makkuva","18"
"2","Andhra Pradesh","1","India","409","Pachipenta","18"
"2","Andhra Pradesh","1","India","410","Palakonda","18"
"2","Andhra Pradesh","1","India","411","Parvathipuram","18"
"2","Andhra Pradesh","1","India","412","Salur","18"
"2","Andhra Pradesh","1","India","413","Seethampeta","18"
"2","Andhra Pradesh","1","India","414","Seethanagaram","18"
"2","Andhra Pradesh","1","India","415","Veeraghattam","18"
"2","Andhra Pradesh","1","India","416","Addateegala","19"
"2","Andhra Pradesh","1","India","417","Chinturu","19"
"2","Andhra Pradesh","1","India","418","Devipatnam","19"
"2","Andhra Pradesh","1","India","419","Gangavaram","19"
"2","Andhra Pradesh","1","India","420","Gurthedu","19"
"2","Andhra Pradesh","1","India","421","Kunavaram","19"
"2","Andhra Pradesh","1","India","422","Maredumilli","19"
"2","Andhra Pradesh","1","India","423","Rajavommangi","19"
"2","Andhra Pradesh","1","India","424","Rampachodavaram","19"
"2","Andhra Pradesh","1","India","425","Vararamachandrapuram","19"
"2","Andhra Pradesh","1","India","426","Y. Ramavaram","19"
"2","Andhra Pradesh","1","India","427","Yetapaka","19"
"2","Andhra Pradesh","1","India","428","Addanki","20"
"2","Andhra Pradesh","1","India","429","Ballikurava","20"
"2","Andhra Pradesh","1","India","430","Chimakurthy","20"
"2","Andhra Pradesh","1","India","431","Darsi","20"
"2","Andhra Pradesh","1","India","432","Donakonda","20"
"2","Andhra Pradesh","1","India","433","Gudluru","20"
"2","Andhra Pradesh","1","India","434","J.Pangulur","20"
"2","Andhra Pradesh","1","India","435","Kandukuru","20"
"2","Andhra Pradesh","1","India","436","Kondapi","20"
"2","Andhra Pradesh","1","India","437","Korisapadu","20"
"2","Andhra Pradesh","1","India","438","Kotha Patnam","20"
"2","Andhra Pradesh","1","India","439","Kurichedu","20"
"2","Andhra Pradesh","1","India","440","Lingasamudram","20"
"2","Andhra Pradesh","1","India","441","Maddipadu","20"
"2","Andhra Pradesh","1","India","442","Marripudi","20"
"2","Andhra Pradesh","1","India","443","Mundlamuru","20"
"2","Andhra Pradesh","1","India","444","Naguluppala Padu","20"
"2","Andhra Pradesh","1","India","445","Ongole Rural","20"
"2","Andhra Pradesh","1","India","446","Ongole Urban","20"
"2","Andhra Pradesh","1","India","447","Ponnaluru","20"
"2","Andhra Pradesh","1","India","448","Santhamaguluru","20"
"2","Andhra Pradesh","1","India","449","Santhanuthala Padu","20"
"2","Andhra Pradesh","1","India","450","Singarayakonda","20"
"2","Andhra Pradesh","1","India","451","Tangutur","20"
"2","Andhra Pradesh","1","India","452","Thallur","20"
"2","Andhra Pradesh","1","India","453","Ulavapadu","20"
"2","Andhra Pradesh","1","India","454","Voletivaripalem","20"
"2","Andhra Pradesh","1","India","455","Zarugumalli","20"
"2","Andhra Pradesh","1","India","456","Allur","21"
"2","Andhra Pradesh","1","India","457","Ananthasagaram","21"
"2","Andhra Pradesh","1","India","458","Anumasamudrampeta","21"
"2","Andhra Pradesh","1","India","459","Atmakur","21"
"2","Andhra Pradesh","1","India","460","Bogole","21"
"2","Andhra Pradesh","1","India","461","Buchireddipalem","21"
"2","Andhra Pradesh","1","India","462","Chejerla","21"
"2","Andhra Pradesh","1","India","463","Chillakur","21"
"2","Andhra Pradesh","1","India","464","Dagadarthi","21"
"2","Andhra Pradesh","1","India","465","Duttalur","21"
"2","Andhra Pradesh","1","India","466","Gudur","21"
"2","Andhra Pradesh","1","India","467","Indukurpet","21"
"2","Andhra Pradesh","1","India","468","Jaladanki","21"
"2","Andhra Pradesh","1","India","469","Kaligiri","21"
"2","Andhra Pradesh","1","India","470","Kaluvoya","21"
"2","Andhra Pradesh","1","India","471","Kavali","21"
"2","Andhra Pradesh","1","India","472","Kodavalur","21"
"2","Andhra Pradesh","1","India","473","Kondapuram","21"
"2","Andhra Pradesh","1","India","474","Kota","21"
"2","Andhra Pradesh","1","India","475","Kovur","21"
"2","Andhra Pradesh","1","India","476","Manubolu","21"
"2","Andhra Pradesh","1","India","477","Marripadu","21"
"2","Andhra Pradesh","1","India","478","Muthukur","21"
"2","Andhra Pradesh","1","India","479","Nellore Rural","21"
"2","Andhra Pradesh","1","India","480","Nellore Urban","21"
"2","Andhra Pradesh","1","India","481","Podalakur","21"
"2","Andhra Pradesh","1","India","482","Rapur","21"
"2","Andhra Pradesh","1","India","483","Sangam","21"
"2","Andhra Pradesh","1","India","484","Seetharamapuram","21"
"2","Andhra Pradesh","1","India","485","Sydapuram","21"
"2","Andhra Pradesh","1","India","486","Thotapalligudur","21"
"2","Andhra Pradesh","1","India","487","Udayagiri","21"
"2","Andhra Pradesh","1","India","488","Varikuntapadu","21"
"2","Andhra Pradesh","1","India","489","Venkatachalam","21"
"2","Andhra Pradesh","1","India","490","Vidavalur","21"
"2","Andhra Pradesh","1","India","491","Vinjamur","21"
"2","Andhra Pradesh","1","India","492","Agali","22"
"2","Andhra Pradesh","1","India","493","Amadagur","22"
"2","Andhra Pradesh","1","India","494","Amarapuram","22"
"2","Andhra Pradesh","1","India","495","Bathalapalli","22"
"2","Andhra Pradesh","1","India","496","Bukkapatnam","22"
"2","Andhra Pradesh","1","India","497","Chennekothapalli","22"
"2","Andhra Pradesh","1","India","498","Chilamathur","22"
"2","Andhra Pradesh","1","India","499","Dharmavaram","22"
"2","Andhra Pradesh","1","India","500","Gandlapenta","22"
"2","Andhra Pradesh","1","India","501","Gorantla","22"
"2","Andhra Pradesh","1","India","502","Gudibanda","22"
"2","Andhra Pradesh","1","India","503","Hindupur","22"
"2","Andhra Pradesh","1","India","504","Kadiri","22"
"2","Andhra Pradesh","1","India","505","Kanaganipalli","22"
"2","Andhra Pradesh","1","India","506","Kothacheruvu","22"
"2","Andhra Pradesh","1","India","507","Lepakshi","22"
"2","Andhra Pradesh","1","India","508","Madakasira","22"
"2","Andhra Pradesh","1","India","509","Mudigubba","22"
"2","Andhra Pradesh","1","India","510","Nallachervu","22"
"2","Andhra Pradesh","1","India","511","Nallamada","22"
"2","Andhra Pradesh","1","India","512","Nambulapulakunta","22"
"2","Andhra Pradesh","1","India","513","Obuladevaracheruvu","22"
"2","Andhra Pradesh","1","India","514","Parigi","22"
"2","Andhra Pradesh","1","India","515","Penukonda","22"
"2","Andhra Pradesh","1","India","516","Puttaparthy","22"
"2","Andhra Pradesh","1","India","517","Ramagiri","22"
"2","Andhra Pradesh","1","India","518","Roddam","22"
"2","Andhra Pradesh","1","India","519","Rolla","22"
"2","Andhra Pradesh","1","India","520","Somandepalli","22"
"2","Andhra Pradesh","1","India","521","Tadimarri","22"
"2","Andhra Pradesh","1","India","522","Talupula","22"
"2","Andhra Pradesh","1","India","523","Tanakal","22"
"2","Andhra Pradesh","1","India","524","Amadalavalasa","23"
"2","Andhra Pradesh","1","India","525","Burja","23"
"2","Andhra Pradesh","1","India","526","Etcherla","23"
"2","Andhra Pradesh","1","India","527","Ganguvarisigadam","23"
"2","Andhra Pradesh","1","India","528","Gara","23"
"2","Andhra Pradesh","1","India","529","Hiramandalam","23"
"2","Andhra Pradesh","1","India","530","Ichchapuram","23"
"2","Andhra Pradesh","1","India","531","Jalumuru","23"
"2","Andhra Pradesh","1","India","532","Kanchili","23"
"2","Andhra Pradesh","1","India","533","Kaviti","23"
"2","Andhra Pradesh","1","India","534","Kotabommali","23"
"2","Andhra Pradesh","1","India","535","Kothuru","23"
"2","Andhra Pradesh","1","India","536","Laveru","23"
"2","Andhra Pradesh","1","India","537","Laxminarasupeta","23"
"2","Andhra Pradesh","1","India","538","Mandasa","23"
"2","Andhra Pradesh","1","India","539","Meliaputti","23"
"2","Andhra Pradesh","1","India","540","Nandigam","23"
"2","Andhra Pradesh","1","India","541","Narasannapeta","23"
"2","Andhra Pradesh","1","India","542","Palasa","23"
"2","Andhra Pradesh","1","India","543","Pathapatnam","23"
"2","Andhra Pradesh","1","India","544","Polaki","23"
"2","Andhra Pradesh","1","India","545","Ponduru","23"
"2","Andhra Pradesh","1","India","546","Ranastalam","23"
"2","Andhra Pradesh","1","India","547","Santhabommali","23"
"2","Andhra Pradesh","1","India","548","Saravakota","23"
"2","Andhra Pradesh","1","India","549","Sarubujjili","23"
"2","Andhra Pradesh","1","India","550","Sompeta","23"
"2","Andhra Pradesh","1","India","551","Srikakulam","23"
"2","Andhra Pradesh","1","India","552","Tekkali","23"
"2","Andhra Pradesh","1","India","553","Vajrapukotturu","23"
"2","Andhra Pradesh","1","India","554","Balayapalli","24"
"2","Andhra Pradesh","1","India","555","Buchinaidu Kandriga","24"
"2","Andhra Pradesh","1","India","556","Chandragiri","24"
"2","Andhra Pradesh","1","India","557","Chinnagottigallu","24"
"2","Andhra Pradesh","1","India","558","Chittamur","24"
"2","Andhra Pradesh","1","India","559","Chitvel","24"
"2","Andhra Pradesh","1","India","560","Dakkili","24"
"2","Andhra Pradesh","1","India","561","Doravarisatram","24"
"2","Andhra Pradesh","1","India","562","Kodur","24"
"2","Andhra Pradesh","1","India","563","Kumara Venkata Bhupala Puram","24"
"2","Andhra Pradesh","1","India","564","Nagalapuram","24"
"2","Andhra Pradesh","1","India","565","Naidupet","24"
"2","Andhra Pradesh","1","India","566","Narayanavanam","24"
"2","Andhra Pradesh","1","India","567","Obulavaripalle","24"
"2","Andhra Pradesh","1","India","568","Ozili","24"
"2","Andhra Pradesh","1","India","569","Pakala","24"
"2","Andhra Pradesh","1","India","570","Pellakur","24"
"2","Andhra Pradesh","1","India","571","Penagalur","24"
"2","Andhra Pradesh","1","India","572","Pichatur","24"
"2","Andhra Pradesh","1","India","573","Pullampeta","24"
"2","Andhra Pradesh","1","India","574","Puttur","24"
"2","Andhra Pradesh","1","India","575","Ramachandrapuram","24"
"2","Andhra Pradesh","1","India","576","Renigunta","24"
"2","Andhra Pradesh","1","India","577","Satyavedu","24"
"2","Andhra Pradesh","1","India","578","Srikalahasti","24"
"2","Andhra Pradesh","1","India","579","Sullurpeta","24"
"2","Andhra Pradesh","1","India","580","Tada","24"
"2","Andhra Pradesh","1","India","581","Thottambedu","24"
"2","Andhra Pradesh","1","India","582","Tirupati (Rural)","24"
"2","Andhra Pradesh","1","India","583","Tirupati (Urban)","24"
"2","Andhra Pradesh","1","India","584","Vadamalapet","24"
"2","Andhra Pradesh","1","India","585","Vakadu","24"
"2","Andhra Pradesh","1","India","586","Varadaiahpalem","24"
"2","Andhra Pradesh","1","India","587","Venkatagiri","24"
"2","Andhra Pradesh","1","India","588","Yerpedu","24"
"2","Andhra Pradesh","1","India","589","Yerravaripalem","24"
"2","Andhra Pradesh","1","India","590","Anandapuram","25"
"2","Andhra Pradesh","1","India","591","Bheemunipatnam","25"
"2","Andhra Pradesh","1","India","592","Gajuwaka","25"
"2","Andhra Pradesh","1","India","593","Gopalapatnam","25"
"2","Andhra Pradesh","1","India","594","Maharanipeta","25"
"2","Andhra Pradesh","1","India","595","Mulagada","25"
"2","Andhra Pradesh","1","India","596","Padmanabham","25"
"2","Andhra Pradesh","1","India","597","Pedagantyada","25"
"2","Andhra Pradesh","1","India","598","Pendurthi","25"
"2","Andhra Pradesh","1","India","599","Seethammadhara","25"
"2","Andhra Pradesh","1","India","600","Visakhapatnam (Rural)","25"
"2","Andhra Pradesh","1","India","601","Badangi","26"
"2","Andhra Pradesh","1","India","602","Bhogapuram","26"
"2","Andhra Pradesh","1","India","603","Bobbili","26"
"2","Andhra Pradesh","1","India","604","Bondapalli","26"
"2","Andhra Pradesh","1","India","605","Cheepurupalli","26"
"2","Andhra Pradesh","1","India","606","Dattirajeru","26"
"2","Andhra Pradesh","1","India","607","Denkada","26"
"2","Andhra Pradesh","1","India","608","Gajapathinagaram","26"
"2","Andhra Pradesh","1","India","609","Gantyada","26"
"2","Andhra Pradesh","1","India","610","Garividi","26"
"2","Andhra Pradesh","1","India","611","Gurla","26"
"2","Andhra Pradesh","1","India","612","Jami","26"
"2","Andhra Pradesh","1","India","613","Kothavalasa","26"
"2","Andhra Pradesh","1","India","614","Lakkavarapukota","26"
"2","Andhra Pradesh","1","India","615","Mentada","26"
"2","Andhra Pradesh","1","India","616","Merakamudidam","26"
"2","Andhra Pradesh","1","India","617","Nellimarla","26"
"2","Andhra Pradesh","1","India","618","Poosapatirega","26"
"2","Andhra Pradesh","1","India","619","Rajam","26"
"2","Andhra Pradesh","1","India","620","Ramabhadrapuram","26"
"2","Andhra Pradesh","1","India","621","Regidi Amadalavalasa","26"
"2","Andhra Pradesh","1","India","622","Santhakaviti","26"
"2","Andhra Pradesh","1","India","623","Srungavarapukota","26"
"2","Andhra Pradesh","1","India","624","Therlam","26"
"2","Andhra Pradesh","1","India","625","Vangara","26"
"2","Andhra Pradesh","1","India","626","Vepada","26"
"2","Andhra Pradesh","1","India","627","Vizianagaram Rural","26"
"2","Andhra Pradesh","1","India","628","Vizianagaram Urban","26"
"2","Andhra Pradesh","1","India","629","Achanta","27"
"2","Andhra Pradesh","1","India","630","Akividu","27"
"2","Andhra Pradesh","1","India","631","Attili","27"
"2","Andhra Pradesh","1","India","632","Bhimavaram","27"
"2","Andhra Pradesh","1","India","633","Ganapavaram","27"
"2","Andhra Pradesh","1","India","634","Iragavaram","27"
"2","Andhra Pradesh","1","India","635","Kalla","27"
"2","Andhra Pradesh","1","India","636","Mogalthur","27"
"2","Andhra Pradesh","1","India","637","Narasapuram","27"
"2","Andhra Pradesh","1","India","638","Palacoderu","27"
"2","Andhra Pradesh","1","India","639","Palacole","27"
"2","Andhra Pradesh","1","India","640","Pentapadu","27"
"2","Andhra Pradesh","1","India","641","Penugonda","27"
"2","Andhra Pradesh","1","India","642","Penumantra","27"
"2","Andhra Pradesh","1","India","643","Poduru","27"
"2","Andhra Pradesh","1","India","644","Tadepalligudem","27"
"2","Andhra Pradesh","1","India","645","Tanuku","27"
"2","Andhra Pradesh","1","India","646","Undi","27"
"2","Andhra Pradesh","1","India","647","Veeravasaram","27"
"2","Andhra Pradesh","1","India","648","Yelamanchili","27"
"2","Andhra Pradesh","1","India","649","Atlur","28"
"2","Andhra Pradesh","1","India","650","B.Kodur","28"
"2","Andhra Pradesh","1","India","651","Badvel","28"
"2","Andhra Pradesh","1","India","652","Brahmamgarimattam","28"
"2","Andhra Pradesh","1","India","653","Chakrayapet","28"
"2","Andhra Pradesh","1","India","654","Chapad","28"
"2","Andhra Pradesh","1","India","655","Chennur","28"
"2","Andhra Pradesh","1","India","656","Chinthakommadinne","28"
"2","Andhra Pradesh","1","India","657","Duvvur","28"
"2","Andhra Pradesh","1","India","658","Gopavaram","28"
"2","Andhra Pradesh","1","India","659","Jammalamadugu","28"
"2","Andhra Pradesh","1","India","660","Kadapa","28"
"2","Andhra Pradesh","1","India","661","Kalasapadu","28"
"2","Andhra Pradesh","1","India","662","Kamalapuram","28"
"2","Andhra Pradesh","1","India","663","Khajipeta","28"
"2","Andhra Pradesh","1","India","664","Kondapuram","28"
"2","Andhra Pradesh","1","India","665","Lingala","28"
"2","Andhra Pradesh","1","India","666","Muddanur","28"
"2","Andhra Pradesh","1","India","667","Mylavaram","28"
"2","Andhra Pradesh","1","India","668","Nandalur","28"
"2","Andhra Pradesh","1","India","669","Peddamudiam","28"
"2","Andhra Pradesh","1","India","670","Pendlimarry","28"
"2","Andhra Pradesh","1","India","671","Porumamilla","28"
"2","Andhra Pradesh","1","India","672","Proddutur","28"
"2","Andhra Pradesh","1","India","673","Pulivendula","28"
"2","Andhra Pradesh","1","India","674","Rajampet","28"
"2","Andhra Pradesh","1","India","675","Rajupalem","28"
"2","Andhra Pradesh","1","India","676","S.Mydukur","28"
"2","Andhra Pradesh","1","India","677","Sidhout","28"
"2","Andhra Pradesh","1","India","678","Simhadripuram","28"
"2","Andhra Pradesh","1","India","679","Sri Avadhutha Kasinayana","28"
"2","Andhra Pradesh","1","India","680","T.Sundupalle","28"
"2","Andhra Pradesh","1","India","681","Thondur","28"
"2","Andhra Pradesh","1","India","682","Vallur","28"
"2","Andhra Pradesh","1","India","683","Veeraballe","28"
"2","Andhra Pradesh","1","India","684","Veerapunayunipalle","28"
"2","Andhra Pradesh","1","India","685","Vempalli","28"
"2","Andhra Pradesh","1","India","686","Vemula","28"
"2","Andhra Pradesh","1","India","687","Vontimitta","28"
"2","Andhra Pradesh","1","India","688","Yerraguntla","28"
