"district_id","district_name","state_id"
"29","Adilabad","32"
"30","Bhadradri Kothagudem","32"
"31","Hanumakonda","32"
"32","Hyderabad","32"
"33","Jagitial","32"
"34","Jangoan","32"
"35","Jayashankar Bhupalapally","32"
"36","Jogulamba Gadwal","32"
"37","Kamareddy","32"
"38","Karimnagar","32"
"39","Khammam","32"
"40","Kumuram Bheem Asifabad","32"
"41","Mahabubabad","32"
"42","Mahabubnagar","32"
"43","Mancherial","32"
"44","Medak","32"
"45","Medchal Malkajgiri","32"
"46","Mulugu","32"
"47","Nagarkurnool","32"
"48","Nalgonda","32"
"49","Narayanpet","32"
"50","Nirmal","32"
"51","Nizamabad","32"
"52","Peddapalli","32"
"53","Rajanna Sircilla","32"
"54","Ranga Reddy","32"
"55","Sangareddy","32"
"56","Siddipet","32"
"57","Suryapet","32"
"58","Vikarabad","32"
"59","Wanaparthy","32"
"60","Warangal","32"
"61","Yadadri Bhuvanagiri","32"
