"district_id","district_name","state_id (link)"
"1","Alluri Sitharama Raju","2"
"2","Anakapalli","2"
"3","Ananthapuramu","2"
"4","Annamayya","2"
"5","Bapatla","2"
"6","Chittoor","2"
"7","Dr. B.R. Ambedkar Konaseema","2"
"8","East Godavari","2"
"9","Eluru","2"
"10","Guntur","2"
"11","Kakinada","2"
"12","Krishna","2"
"13","Kurnool","2"
"14","Markapuram","2"
"15","Nandyal","2"
"16","Ntr","2"
"17","Palnadu","2"
"18","Parvathipuram Manyam","2"
"19","Polavaram","2"
"20","Prakasam","2"
"21","Sri Potti Sriramulu Nellore","2"
"22","Sri Sathya Sai","2"
"23","Srikakulam","2"
"24","Tirupati","2"
"25","Visakhapatnam","2"
"26","Vizianagaram","2"
"27","West Godavari","2"
"28","Y.S.R. Kadapa","2"
